gdp_usd,gdp_per_capita,Population,Life.Expectancy.at.Birth..Both.Sexes,Total.Fertility.Rate,box_gdp_ratio,log_gdp,log_pop,box_class
253547000000,31564.320330787534,8032709,77.3,1.5,1.1426878645773762e-4,11.404058476287348,6.9048620341134885,Low
300189000000,37425.95728621696,8020877,77.4,1.57,4.901022322603426e-4,11.477394774093703,6.9042218564933195,High
360833000000,43462.27769927794,8302211,77.6,1.59,9.787214002045267e-4,11.557306249109729,6.919193766740792,High
384610000000,44688.04177468029,8606553,77.8,1.6400000000000001,7.004500299004187e-4,11.585020571863874,6.934829247525369,High
400219000000,44812.434378709346,8930981,77.9,1.6600000000000001,1.444825807870191e-4,11.60229770248931,6.950899165438055,High
414105000000,45156.33543042595,9170474,78.1,1.6600000000000001,2.151111650426824e-4,11.617110474306532,6.96239178389949,High
390517000000,40921.004209073864,9543192,78.6,1.6900000000000002,0.0013425117037158434,11.59163994434774,6.979693661509276,High
514130000000,51549.8700599963,9973449,79.8,1.62,1.8258633030556475e-5,11.711072946124041,6.9988453712144505,Low
537079000000,53535.44626694031,10032213,79.9,1.61,2.8802866989772455e-5,11.730038171622532,7.001396744354128,Low
268697000000,7119.839956293711,37739191,74.7,2.46,3.26490247379018e-5,11.429262817565588,7.576792586130936,Low
97724004252,2562.783908789191,38131972,74.9,2.46,1.2703007920130267e-4,10.990001253930942,7.581289265451294,Low
164658000000,4227.924080494941,38945354,75.4,2.54,3.501999538437246e-4,11.216582835998137,7.590455655782366,Low
332976000000,8131.928038141833,40946747,75.4,2.38,1.0535188722310316e-4,11.522412931875119,7.612219405093598,Low
526320000000,12217.31840631683,43079830,76.9,2.25,5.9809418224654205e-5,11.721249873389128,7.634273980832824,Low
557532000000,12723.870498378981,43817799,76.3,2.07,9.406508505341398e-5,11.74626979911856,7.641650558844002,Low
385741000000,8588.080405811239,44915858,76.3,1.6800000000000002,1.9772593527781593e-5,11.586295802017274,7.652399700156572,Low
416168000000,22094.613628296276,18835722,79.4,1.76,1.1260868207070222e-4,11.619268683377511,7.274982271983207,Low
379629000000,19900.042947470258,19076793,79.7,1.73,0.0014563256653206157,11.579359380938902,7.280505367251345,High
395789000000,20488.65294130345,19317473,79.7,1.75,8.367114472610406e-4,11.59746371987117,7.285950313904813,High
467739000000,23926.40060974752,19549075,80.1,1.75,1.0152785207134749e-4,11.670003582819884,7.291126212785608,Low
614660000000,31078.576679458405,19777611,80.4,1.76,1.5108180945563402e-4,11.788634951620105,7.296173830629312,Low
695693000000,34758.87455657258,20014831,80.8,1.8,4.421871141437387e-5,11.842417633547864,7.3013519273875485,Low
748418000000,36907.98056706436,20277945,81,1.8800000000000001,7.360400524840397e-4,11.874144224053342,7.307023940780567,High
855007000000,41484.280861323066,20610385,81.1,1.95,2.0368103302078228e-4,11.931969670340955,7.314086104433937,High
1056110000000,50194.7171570392,21040262,80.9,1.99,4.471294865118217e-4,12.023709154850291,7.323051143487681,High
928762000000,43247.74821255815,21475384,81.5,1.94,2.5749041196775924e-5,11.967904438074275,7.331940938165214,Low
1148840000000,52603.61665661533,21839563,81.6,1.92,2.6459177779325233e-4,12.060259548309132,7.339243944079066,High
1398610000000,63048.728168023794,22183001,81.7,1.92,2.4292647771716205e-4,12.14569662910177,7.3460202987823635,High
1547530000000,68586.56575883747,22563165,82,1.94,1.134815247523473e-4,12.18963907688968,7.3534000193195155,High
1577120000000,68730.54407918341,22946421,82.3,1.8900000000000001,3.142974307598661e-4,12.197864739210386,7.360714957360809,High
1468270000000,63037.13660009729,23292143,82.2,1.81,4.581918516349173e-4,12.166805925285797,7.367209447755766,High
1351300000000,57214.21840859962,23618255,82.1,1.82,9.162968038185451e-4,12.130751776765143,7.373247807254367,High
1206840000000,50326.62011483497,23980152,82.4,1.83,3.6456972092406613e-4,12.081649696175957,7.379851931579846,High
1325580000000,54393.52743367211,24370179,82.6,1.74,3.287858439324673e-4,12.122405942940578,7.386858719107858,High
1427810000000,57693.94107953586,24748006,82.6,1.74,2.768477745638425e-4,12.154670419315817,7.393540212639969,High
1392720000000,55455.94970643251,25113987,82.7,1.74,3.555607336722385e-4,12.143863812276136,7.399915665108239,High
1328410000000,52160.56758311879,25467706,82.7,1.74,1.314520441731092e-4,12.123332136219085,7.405989827711568,High
1556740000000,60315.44473138348,25809973,82.9,1.74,1.0886725015095648e-4,12.19221608463351,7.411787550225498,High
1690860000000,64681.38680877807,26141369,83.1,1.73,3.00626223341968e-4,12.228107650327185,7.417328327451773,High
1728060000000,65305.51223630886,26461166,83.3,1.73,8.602569933914332e-5,12.23755881755059,7.422608977274342,High
1752190000000,65456.92082939869,26768598,83.5,1.73,2.24667850518494e-4,12.243581197424277,7.4276256256953985,High
196477000000,24132.65794923319,8141540,78.7,1.32,3.435167984038844e-5,11.29331171828542,6.910706560938829,Low
260780000000,31741.742618991975,8215680,78.9,1.3800000000000001,5.928869161745533e-5,11.416274280991235,6.914643515187483,Low
299210000000,36209.78950737816,8263235,79.4,1.43,3.080831990909395e-4,11.475976104139766,6.917150103930593,High
313952000000,37758.88636108884,8314652,79.6,1.42,5.15933136275609e-5,11.496863254032995,6.919844077050134,Low
386760000000,46155.00831842707,8379589,80.3,1.37,4.8646998138380394e-5,11.587441551559959,6.923222717984766,Low
399290000000,47373.993648190226,8428464,80.4,1.3900000000000001,4.8470004257557165e-5,11.601288433662402,6.925748436178197,Low
406750000000,47782.616408086455,8512510,81,1.44,7.290025814382299e-5,11.609327561608897,6.930057635104955,Low
379546000000,43517.53331926876,8721680,81.3,1.48,3.524802817049844e-4,11.579264418796729,6.940600148287457,High
414926000000,46751.98303197527,8875046,81.7,1.49,2.1044716407262983e-4,11.617970649345109,6.948170612712415,High
434398000000,48289.96165577081,8995617,81.4,1.43,2.0486270655021432e-5,11.637887817061998,6.9540309565093175,Low
480467000000,53172.80866777417,9035953,81.5,1.43,6.428918115083867e-5,11.681663564304115,6.955973963295942,Low
471774000000,51959.60628351596,9079630,81.6,1.41,1.720656924713952e-5,11.673734002747814,6.958068151138669,Low
511685000000,56129.143155888596,9116209,81.8,1.33,2.289285791062861e-5,11.709002685854838,6.959814273343159,Low
236792000000,23071.006734662184,10263618,77.7,1.6500000000000001,5.002168569884118e-5,11.374367025692163,7.011300479728977,Low
258384000000,25021.791320638764,10326359,78.1,1.6500000000000001,6.919906340949903e-4,11.412265617191276,7.013947219394993,High
318083000000,30676.786721767603,10368850,78.3,1.6800000000000002,4.645567351917581e-5,11.502540458785194,7.015730591842337,Low
369215000000,35455.9393824099,10413347,79,1.73,2.1908925422856602e-4,11.567279336679164,7.017590340461979,High
385715000000,36843.00665832406,10469151,79,1.77,4.5912539050853606e-5,11.586266528393026,7.019911463821601,Low
408260000000,38750.83835492032,10535514,79.4,1.81,4.9563274383971e-4,11.610936831232662,7.022655728545758,High
517328000000,48380.966631752206,10692800,79.6,1.86,3.7771169548139673e-4,11.713765984916728,7.029091443779618,High
485015000000,45002.06307201304,10777617,79.9,1.84,4.174315124274507e-4,11.68575517018266,7.03252274617947,High
481557000000,44318.918183156,10865721,80.1,1.85,2.7194924796026225e-4,11.682647700225553,7.036058549426207,High
527197000000,48090.74022670097,10962547,80.4,1.82,2.5309866330802336e-4,11.721972930252203,7.039911468339606,High
498414000000,45072.08391853504,11058153,80.3,1.79,3.1403531200969477e-4,11.697590232762977,7.043682594518982,High
524097000000,47070.68411851534,11134255,80.5,1.75,1.2249107512540618e-4,11.719411673751106,7.046661163425448,High
537987000000,48033.1082895095,11200337,81.1,1.73,2.974130936249389e-4,11.730771781435019,7.049231090084338,High
461045000000,40907.71481463604,11270368,81,1.6900000000000002,4.5190530859243676e-4,11.663743316491386,7.051938096858891,High
474272000000,41825.280822677676,11339362,81.4,1.6700000000000002,8.449886562984954e-5,11.676027485595487,7.0545886200177215,Low
500909000000,43911.34818390959,11407279,81.5,1.6400000000000001,6.499024633216812e-4,11.699758834874228,7.057182063680927,High
542639000000,47287.03800851698,11475428,81.6,1.61,7.222822170909204e-5,11.734511003719943,7.0597688924290685,Low
536726000000,46480.125880823696,11547430,82,1.59,1.9068252329866635e-4,11.72975263382445,7.062485338252996,High
529694000000,45653.33052015307,11602527,80.9,1.55,9.2879047147976e-5,11.724025053581908,7.064552587729927,Low
598522000000,51342.573970692145,11657421,81.8,1.61,1.0190158256505192e-4,11.777080118490135,7.066602481010054,Low
593615000000,50513.547091459885,11751600,81.9,1.53,1.960878650303648e-4,11.773504866554868,7.07009700055371,High
644655000000,54442.09509697273,11841113,82.3,1.48,1.979338622984387e-4,11.809327355438691,7.07339252561668,High
664564000000,55829.15320077322,11903530,82.4,1.47,1.3401315298451315e-4,11.822536811476532,7.075675770819734,High
13245990274,1674.8705722141474,7908665,71.3,1.34,4.906274929671596e-4,10.122084431825947,6.898103179823224,Low
44431257129,5916.673952416799,7509499,72.4,1.45,5.694873302039628e-4,10.647688601254915,6.875610963796006,Low
52023801230,7003.7927343854235,7427947,73.1,1.61,7.584478847586894e-4,10.716202081671858,6.870868796294229,Low
50689051382,6858.138645773013,7391080,73.2,1.53,0.005414786556796092,10.704914163714667,6.868707903045757,High
54297052002,7429.18588969126,7308614,73.7,1.45,0.005800977095191062,10.734776250693457,6.863835025490927,High
57080897012,7897.043568223338,7228135,74.3,1.44,0.010418735901697115,10.756490789325245,6.859026255290048,High
53929397039,7548.62352453414,7144269,74.5,1.46,0.003815255839986585,10.731825564658662,6.853957798486344,High
59167647388,8332.434016384439,7100884,74.7,1.46,0.0030999235409383385,10.772084301291171,6.851312418074547,High
68634004792,9788.811169119193,7011475,74.9,1.48,8.022945792960395e-4,10.836539340699252,6.845809389860581,High
84414122840,12200.018331652016,6919180,75.3,1.49,0.0011911685701051112,10.926415112009238,6.84005462876651,High
102397000000,14997.21137431207,6827736,75.8,1.51,3.703036710059865e-4,11.01028723298228,6.8342767204157795,Low
10526000000,31269.12359710777,336626,73.9,1.99,0.01056726591297739,10.022263365681258,5.527147656560931,High
10363200000,26261.679164143097,394613,75.1,1.43,6.054140612938089e-4,10.015493879709817,5.596171388405444,High
61371673345,6368.883228563201,9636175,74.1,1.44,7.901430310918956e-5,10.787967964812243,6.983904678503994,Low
655448000000,3724.7820207380037,175969492,69.5,2.3899999999999997,6.208365881046246e-6,11.816538242618233,8.24543738028845,Low
509795000000,2816.63191156688,180994541,70,2.2600000000000002,1.6180121225198364e-4,11.707395571652945,8.257665476254104,Low
558234000000,3043.6009684582414,183412348,70.3,2.19,4.642780411082091e-4,11.746816284253478,8.263428570634662,Low
891634000000,4742.326606067334,188016152,70.9,2.06,1.739310972887979e-5,11.950186620744551,8.274195160025139,Low
1695860000000,8732.742886640071,194195572,72.3,1.87,1.17020149068909e-5,12.229389996660618,8.288239323008185,Low
1667000000000,8502.01832406807,196071090,72.9,1.81,1.4646140371925614e-5,12.221935599828006,8.292413563177956,Low
2208840000000,11163.936173908252,197854947,73.5,1.75,4.695399712066062e-5,12.344164258364085,8.29634691347464,Low
2465230000000,12243.451849352585,201350896,74.2,1.75,1.0304471793706875e-5,12.391857444128888,8.303953566533417,Low
1795690000000,8619.72538823806,208323342,75.4,1.7,6.215870278277431e-5,12.254231364118704,8.318737934056475,Low
2063510000000,9827.68613459227,209969058,75.7,1.78,2.0422841662991698e-5,12.314606577858115,8.322155299829403,Low
1916930000000,9056.236957680374,211669594,76,1.77,1.8819318910967015e-5,12.28260625415673,8.325658476789268,Low
1873290000000,8780.38749533781,213349354,75.9,1.77,6.804171911449909e-5,12.27260501477544,8.329091332198097,Low
1951920000000,8985.083137981088,217240060,75.9,1.8,1.249666584696094e-5,12.290462014011753,8.336939914069335,Low
2179410000000,9904.090093232351,220051512,76.3,1.74,5.093121532891929e-6,12.33833893928148,8.342524356998036,Low
744773000000,23948.02370194305,31099560,79.8,1.49,3.521305391038612e-4,11.872023923929842,7.492754244624143,High
738982000000,23551.909513590548,31376734,80.1,1.52,0.0010562508924439296,11.86863386005128,7.496607735949574,High
760649000000,24040.010164040534,31640960,80.3,1.5,0.0022703969689041857,11.881184298651386,7.5002496517023065,High
895541000000,28082.799039816073,31889307,80.5,1.54,6.023780251267111e-4,11.952085473676005,7.50364508150868,High
1026690000000,31949.515104516107,32134760,80.8,1.55,5.341726441282179e-4,12.011439331997755,7.506975060709314,High
1173110000000,36217.641005318554,32390569,81,1.58,6.539411240207653e-4,12.0693387368838,7.510418577259627,High
1319260000000,40369.83970334536,32679347,81.5,1.6400000000000001,5.806747873808044e-4,12.12033039481684,7.514273369857622,High
1468820000000,44487.470759684395,33016487,81.5,1.6800000000000002,3.933680519056113e-4,12.166968577412792,7.518730861849879,High
1552990000000,46491.72473404721,33403579,81.7,1.71,3.99344993206653e-4,12.191168659232227,7.523793001442657,High
1374630000000,40653.75946352641,33813109,81.9,1.6900000000000002,5.195404647068666e-4,12.138185817742897,7.529085104497452,High
1617340000000,47274.842142674475,34211431,82.2,1.6500000000000001,3.0107480245341114e-4,12.208801327638051,7.534171240288712,High
1793330000000,51842.55679177157,34591851,82.5,1.6,4.0017747207708563e-4,12.253660213707162,7.538973801608983,High
1828370000000,52261.40173473313,34985093,82.6,1.6300000000000001,5.059561844703205e-4,12.262064086746944,7.5438830327238815,High
1846600000000,52167.664489313145,35397406,82.7,1.6,6.796417296653309e-4,12.266372831224603,7.548971437134165,High
1805750000000,50497.07776913516,35759495,82.8,1.61,3.2277977682403433e-4,12.256657623532329,7.5533913770069345,High
1556510000000,43140.034423669335,36080407,82.9,1.59,0.0015024073298597503,12.192151915208619,7.55727142789588,High
1527990000000,41959.98572911774,36415408,83,1.58,0.0010072277652340656,12.184120511988997,7.561285180174018,High
1649270000000,44887.523450163586,36742281,83,1.55,0.001347982970041291,12.21729175928999,7.565166114271451,High
1725330000000,46537.233387598404,37074185,83.1,1.55,5.743785345412182e-4,12.236872173885917,7.569071612730948,High
1743730000000,46591.16180038276,37426197,83.4,1.51,0.0015053422244269469,12.241479239433758,7.573175699253743,High
1655680000000,43862.21001237175,37747300,82.9,1.44,1.5004281322477774e-4,12.21897640270043,7.576885892732439,High
2022380000000,53142.95298791351,38055469,83.9,1.46,4.859663490540848e-4,12.305862761738473,7.5804170786058025,High
2190410000000,57108.05791696338,38355533,82.9,1.4,2.568176925781018e-4,12.340525413503075,7.583828022210436,High
2173340000000,56263.32064547569,38628008,83,1.44,3.5558812380943617e-4,12.337127673201877,7.5869023126772035,High
2241250000000,57608.99622084985,38904514,83.9,1.44,5.15779846514222e-4,12.35049030257024,7.589999994424841,High
279216000000,38368.334416388825,7277251,79.9,1.46,2.457089672511604e-4,11.445940301173955,6.861967354450796,High
286583000000,39201.30737139095,7310547,80.3,1.35,5.422266917437531e-4,11.457250424633669,6.863949873564412,High
309301000000,42116.21232003479,7343989,80.4,1.37,5.040421046165385e-4,11.490381324121445,6.865932017697151,High
362075000000,49070.676003704204,7378643,80.5,1.36,6.038744155216461e-4,11.55879853935203,6.867976498435384,High
403913000000,54469.673410943265,7415374,81,1.4,0.0012690481588857007,11.606287831227448,6.870133059887681,High
418285000000,56090.27008775499,7457354,81.2,1.4,0.0012747198895489917,11.621472290748374,6.872584759504426,High
441635000000,58824.82221420075,7507630,81.4,1.42,5.781243742004143e-4,11.645063484341911,6.8755028610566775,High
598851000000,75445.82379054757,7937497,82.1,1.46,1.3874996618524474e-4,11.7773187791049,6.899683574157205,High
715888000000,89175.5798066929,8027848,82.5,1.45,4.263157924144559e-5,11.854845082661637,6.9045991409223,Low
706235000000,86752.956726399,8140760,82.6,1.48,1.83606159422855e-4,11.848949236775942,6.9106649513755425,High
726538000000,88465.08502858192,8212709,83,1.52,3.787172453471119e-5,11.861258334062427,6.914486434792101,Low
694118000000,83808.98518656343,8282143,82.8,1.53,9.078866129390104e-5,11.841433306755498,6.918142724786833,High
721369000000,84614.92805662571,8525316,83.7,1.52,7.010844796491116e-5,11.858157475079356,6.930710485554603,High
815309000000,94218.60323647094,8653376,83.6,1.58,1.4316157554988354e-4,11.911322236422846,6.937185574762931,High
828509000000,94965.56174643038,8724310,83.7,1.58,3.164076551974692e-5,11.918297230473048,6.9407310889215,Low
936564000000,105700.14989999519,8860574,83.9,1.59,1.3260720036217494e-5,11.97153746019192,6.947461856983883,Low
242450000000,13886.931907352484,17458860,79.3,1.83,1.1537233656424005e-4,11.384622188451543,7.242015882446699,Low
249345000000,14129.028638843227,17647710,79.6,1.76,1.1942399887705789e-4,11.396800663935247,7.246688358512108,Low
315326000000,16882.795568987625,18677357,78.5,1.27,8.006623938400259e-5,11.498759781693016,7.27131541999224,Low
1223750000000,967.712050785832,1264580718,71.7,1.56,1.7576539325842697e-6,12.087692704811195,9.101946555517653,Low
1355040000000,1065.2338363852382,1272058729,72.1,1.53,5.003903943795017e-6,12.131952115522507,9.104507162485225,Low
1489820000000,1164.9399843104911,1278881333,72.5,1.48,1.1907180531876333e-4,12.173133800137789,9.106830248298643,Low
1984200000000,1536.065102777383,1291742125,73.2,1.55,1.0747234603366596e-4,12.297585445297347,9.111175822585054,Low
2317550000000,1784.573603671605,1298657559,73.6,1.58,5.7533940152316024e-5,12.365029112607193,9.113494647729796,Low
2791500000000,2137.367033345974,1306046157,73.9,1.6600000000000001,7.664841303958446e-5,12.445837632186448,9.115958525619131,Low
3604060000000,2742.998696107899,1313912400,74.2,1.6800000000000002,6.708566339073156e-5,12.556792012454641,9.11856641129316,Low
4667350000000,3530.1078617504495,1322155068,74.5,1.72,1.7381461835945451e-4,12.66907036942367,9.121282394050755,Low
5189580000000,3899.8016968444044,1330729202,74.8,1.71,2.781475745628741e-5,12.715132211208132,9.124089687298508,Low
6192560000000,4624.083041176566,1339197403,75.1,1.6500000000000001,1.3373245685144755e-4,12.791870223177565,9.126844598456934,Low
7671760000000,5692.532952111649,1347688290,75.4,1.7,2.7740264554678456e-5,12.884895008095612,9.129589454820055,Low
8673660000000,6393.073918286971,1356727626,75.8,1.81,4.886036482868824e-5,12.938202394176834,9.132492668294736,Low
9743120000000,7134.05824118059,1365719156,76.2,1.7,1.4940026038886927e-4,12.988698051520041,9.13536140100045,Low
10674500000000,7767.0017467178905,1374339848,76.5,1.71,1.837440980842194e-4,13.028347541558745,9.13809413873589,Low
11280800000000,8160.948565438637,1382290295,76.9,1.58,3.669956343521736e-4,13.052339899582226,9.14059925886838,Low
11456000000000,8241.496775811142,1390038765,77.1,1.6900000000000002,4.626855500174581e-4,13.05903300496378,9.14302691190218,Low
12537600000000,8967.767239100725,1398073753,77.3,1.7,4.5718180576824913e-4,13.098214409978624,9.1455300824798,Low
14147800000000,10073.484538155693,1404459395,77.5,1.47,4.569149947695048e-4,13.150688911793667,9.147509187622784,Low
14560200000000,10335.780453570309,1408718003,77.7,1.3800000000000001,4.90702151344075e-4,13.163167340519589,9.14882406479269,Low
14996400000000,10625.48351577541,1411361655,77.7,1.25,1.656811757488464e-4,13.175987015870342,9.149638313999258,Low
18201700000000,12888.921134618575,1412197329,77.7,1.11,2.4853698242471856e-4,13.260111952058718,9.14989538574419,Low
18316800000000,12978.496702501176,1411319078,77.1,1.09,9.033991958202305e-5,13.262849603407645,9.14962521230062,Low
18270400000000,12964.218986917556,1409294306,77.3,1.06,1.8991985003065067e-4,13.261748055611493,9.149001697243403,Low
18743800000000,13313.020494786286,1407929929,78.5,1.23,1.2992393218024094e-6,13.272857641606844,9.148581041023496,Low
117092000000,2787.052521058858,42012843,73,2.3899999999999997,1.075618317220647e-4,11.068527224068601,7.623382071146066,Low
293492000000,6498.056220102315,45166122,77.3,1.97,9.530761656195058e-5,11.467596267753287,7.654812803284399,Low
334198000000,7160.196098848149,46674420,78.3,1.96,1.984115943243227e-4,11.524003846540129,7.669078929891292,Low
62175642238,6054.7519440251635,10268900,74.9,1.1600000000000001,5.464952636907895e-4,10.793620279972998,7.011523924657067,Low
82607869610,8070.367448098852,10235949,75.4,1.1800000000000002,0.005949585775790351,10.917021422204138,7.010128113374414,High
100436000000,9809.67936678752,10238459,75.4,1.1800000000000002,1.5394186347524792e-4,11.001889408018187,7.010234595491507,Low
120148000000,11725.059704627021,10247112,75.9,1.23,0.0053032562672703665,11.079716545874891,7.010601483031562,High
137264000000,13369.535023342922,10266924,76.1,1.29,7.332763142557407e-4,11.137556650482205,7.011440347207349,High
156236000000,15168.206454439023,10300229,76.6,1.34,7.042409495890832e-4,11.193781111487137,7.012846880271269,High
190041000000,18334.427694680708,10365254,76.9,1.45,0.0010743621639540942,11.278847307020476,7.015579948923542,High
236506000000,22620.399161010115,10455430,77.2,1.51,1.1389713157382899e-4,11.373842162975894,7.01934189873064,Low
206972000000,19677.376664151678,10518272,77.3,1.5,0.0015563515934522544,11.315911596336147,7.021944397374157,High
213024000000,20112.93319840618,10591394,78.2,1.44,4.072729457713685e-4,11.328428535271577,7.0249531240985466,High
210911000000,19892.632545554487,10602468,78.8,1.51,1.993541398978716e-4,11.324099230828727,7.025406970361232,Low
189108000000,17801.44760783046,10623181,78.6,1.56,2.4186026503373733e-4,11.276709901570396,7.026254581141857,Low
221564000000,20762.102332002287,10671559,79,1.6700000000000002,2.841149780650286e-4,11.345499197069728,7.028227869812372,High
251110000000,23296.630463542737,10778812,78.8,1.6900000000000002,2.416104456214408e-4,11.399864008046825,7.03257089718875,High
1966980000000,23933.951842257713,82183670,78,1.37,9.174293815900518e-4,12.293799944091276,7.914785531245155,High
1966380000000,23886.834726543737,82320660,78.3,1.34,8.604968119081764e-4,12.293667448366927,7.915508843693262,High
2102350000000,25495.881772648674,82458415,78.4,1.33,0.0016279748091421505,12.322705019216105,7.916234982619481,High
2534720000000,30722.183668120517,82504552,78.4,1.33,6.852921289136472e-4,12.403929991609731,7.916477910415924,High
2852320000000,34578.93695978973,82487209,79.1,1.35,7.569846815925282e-4,12.455198247139927,7.9163866092602575,High
2893390000000,35097.16717186392,82439417,79.3,1.33,0.0010913147294350225,12.46140697614104,7.916134911848342,High
3046310000000,36993.86168404473,82346364,79.3,1.33,6.690742478605263e-4,12.483774096123778,7.915644427675802,High
3484060000000,42366.1603811235,82236860,79.8,1.37,4.726867855318221e-4,12.542085625510293,7.915066519565753,High
3808790000000,46411.6599536645,82065369,79.6,1.3800000000000001,8.112188296020521e-4,12.580787028225297,7.914159926605995,High
3479800000000,42511.87077837747,81854784,80.1,1.36,3.068625791712167e-4,12.541554283776344,7.913044066815592,High
3468150000000,42423.16873199318,81751319,80.2,1.4,1.2458502198578494e-4,12.540097872761352,7.9124947684246845,Low
3824830000000,46781.607110503886,81759269,80.6,1.37,1.4244036205530704e-4,12.582612137083718,7.912536999832155,High
3597900000000,43950.3013085778,81862920,80.8,1.4,1.308751168737319e-4,12.556049088400382,7.913087231602557,High
3808090000000,46407.93239060268,82056877,80.7,1.41,1.6200013366280734e-4,12.580707203904003,7.914114984145927,High
3965800000000,48142.87681233507,82375634,81.3,1.47,1.7386241212365727e-4,12.598330808435461,7.915798770140967,High
3423570000000,41194.75263101962,83106944,81,1.5,3.80793531313804e-4,12.5344792120932,7.9196373127719415,High
3537780000000,42205.34669535743,83823029,81.4,1.59,1.2687587243977863e-4,12.548730822424263,7.923363350296651,Low
3763090000000,44732.85649225002,84123624,81.5,1.57,1.8593811309322925e-4,12.575544605254747,7.924917973587523,High
4052010000000,48047.714250656005,84333044,81.5,1.58,4.116815308945437e-5,12.607670508489688,7.925997776463045,Low
3957210000000,46838.12115362195,84486950,81.3,1.56,2.809540534871791e-5,12.597389097883218,7.926789632255307,Low
3940140000000,46629.84420564001,84498245,81.1,1.57,2.4767089494281928e-5,12.595511653335032,7.926847688893706,Low
4348300000000,51514.53112458971,84409193,81.3,1.57,5.668101855897707e-5,12.638319499501195,7.926389748186727,Low
4163600000000,49380.5361414977,84316622,81.5,1.57,2.9965271880103756e-5,12.619468999864173,7.9259131989578115,Low
4525700000000,53736.52472666172,84220184,81.7,1.58,2.2499603287889165e-4,12.655685762021989,7.92541618590991,High
4659930000000,55396.81237673727,84119100,81.9,1.58,2.765537829967403e-5,12.668379392904148,7.9248946174721455,Low
164044000000,30734.722569872763,5337416,76.7,1.77,3.605219697154422e-4,11.214960350451756,6.727331053180894,High
164882000000,30782.98316123288,5356271,76.9,1.74,1.2231508594024817e-4,11.217173246746022,6.728862541982091,Low
218421000000,40544.077421347596,5387248,77.3,1.76,1.436125784608623e-4,11.339294391109979,6.731366968594478,High
251986000000,46657.79255274336,5400727,77.7,1.79,6.727239608549681e-5,11.401376412640095,6.732452224792747,Low
265150000000,48961.2695399598,5415505,78.1,1.8,1.9466222892702243e-4,11.423491631454581,6.733638961143652,High
283386000000,52158.2604710488,5433195,78.2,1.85,7.940263809785946e-5,11.4523783911728,6.735055292352738,Low
320213000000,58666.41017185152,5458200,78.3,1.85,6.647939340376562e-5,11.505438959418568,6.737049445094415,Low
354979000000,64641.678175387075,5491488,78.6,1.9,6.147545347752966e-5,11.550202661635707,6.739690038917914,Low
322619000000,58427.40297520314,5521707,78.9,1.85,6.690361076068055e-4,11.508689940710013,6.742073357815877,High
326793000000,58434.44544737998,5592472,80,1.73,1.4268533291716774e-4,11.514272745247364,6.747603818378693,High
352833000000,62479.2043217116,5647207,80.6,1.6900000000000002,0.0013265785569943854,11.547569197343197,6.7518337072180366,High
331611000000,57463.77917866605,5770783,81.1,1.75,0.001314286736567846,11.52062892827168,6.7612347437464635,High
345401000000,59343.59031805427,5820359,81.4,1.7,5.567630319541634e-4,11.538323590596388,6.764949772778855,High
355631000000,60924.61664179756,5837230,81.5,1.6800000000000002,3.583881045240713e-5,11.550999610965606,6.766206805827363,Low
408378000000,69662.52114808108,5862234,81.4,1.73,3.1068047250341594e-5,11.611062337881192,6.768063149974215,Low
401946000000,68042.73657930634,5907258,81.3,1.56,6.521935533628896e-5,11.604167711101157,6.771385939120764,Low
429457000000,71460.50783473614,6009711,81.2,1.52,1.2904463543497952e-4,11.632919685984248,6.778853587789252,High
79070274743,7732.793712919246,10225318,70.9,2.3,7.864842913740525e-4,10.898013247829518,7.009676823133925,High
123084000000,3682.926602298535,33420161,74.5,2.52,1.8656934288778396e-4,11.090201601563882,7.524008537754954,Low
35194947000,2652.002228905926,13271085,75.9,3.21,3.578533588926842e-4,10.546480315536572,7.122906430795865,Low
598103000000,14735.59193519506,40589004,79.2,1.22,4.2066639023713305e-5,11.776775980777227,7.608408394440934,Low
627799000000,15294.677351226625,41046894,79.5,1.23,7.729890028496381e-4,11.797820619591441,7.613280299830721,High
708938000000,17025.56608714,41639614,79.6,1.24,7.562081282143149e-4,11.85060825572572,7.6195066949391945,High
907963000000,21454.181122443435,42321028,79.5,1.29,5.2606292326889973e-5,11.958068151138669,7.626556208396341,Low
1069830000000,24879.676602111012,43000157,80.1,1.31,1.046250852939252e-4,12.029314772145444,7.633470041256544,Low
1154670000000,26420.014274546065,43704367,80.1,1.33,3.110199182450397e-4,12.062457882360794,7.640524834435998,High
1261850000000,28399.736674787735,44431750,80.7,1.36,3.0853644093988984e-4,12.10100773205227,7.647693418808641,High
1476750000000,32663.051609103462,45211636,80.7,1.3800000000000001,4.191796207888945e-4,12.169306979529818,7.655250222427289,High
1636120000000,35637.26840333332,45910365,81,1.46,2.780314518494976e-4,12.213815153508044,7.661910745540052,High
1496590000000,32330.514688123592,46290324,81.4,1.4,1.994333411288329e-4,12.175102839003193,7.665490220552084,High
1427990000000,30767.363234880817,46412492,81.8,1.4,1.1452841266395424e-4,12.154725166151623,7.666634887376016,Low
1487570000000,32013.755776516235,46466588,81.9,1.3800000000000001,3.2510779862460253e-4,12.172477411307106,7.667140783794233,High
1330990000000,28657.734615972167,46444355,81.9,1.36,4.992739998046567e-4,12.124174792543696,7.666932935954383,High
1362190000000,29426.791192463472,46290810,82.4,1.32,1.0749468135869445e-4,12.134237687750465,7.665494780166103,Low
1380240000000,29906.987889581018,46151087,82.5,1.37,2.7417198240885644e-4,12.139954609309331,7.664181934452772,High
1206160000000,26154.084541772918,46117462,82.3,1.3900000000000001,4.346179395768389e-4,12.081404921824104,7.66386539858527,High
1243020000000,26929.011825805504,46159139,82.7,1.4,1.9453416035140222e-4,12.094478116429062,7.664257699388656,Low
1321750000000,28566.765756475947,46268801,82.7,1.37,5.0611655759409875e-5,12.12114931907715,7.665288245429643,Low
1431640000000,30804.934151559184,46474373,82.8,1.33,4.757034310301472e-5,12.155833824068756,7.667213539283591,Low
1403500000000,29981.594697416924,46812053,83.2,1.3,6.412738774492341e-4,12.147212416970458,7.670357688062281,High
1289780000000,27417.98408282477,47041387,82.1,1.24,3.442054691497775e-5,12.110515638257253,7.672480118288449,Low
1461240000000,31022.148192685578,47103121,82.3,1.26,2.9970416906189265e-5,12.164721552084572,7.67304968394784,Low
1446500000000,30669.956956894006,47163418,82.6,1.27,4.981639059799516e-5,12.160318437984001,7.673605271502544,Low
1620090000000,34307.50433060534,47222613,82.8,1.29,1.6415783382404682e-4,12.209539141343665,7.674150014510688,High
1722750000000,36436.84904493155,47280433,83,1.3,5.0476455086344506e-5,12.236222258586727,7.674681445213503,Low
38376046175,29157.473550048817,1316165,77.4,1.46,0.0013648110793164586,10.584060228011928,6.119310337680379,High
125968000000,24371.807038469837,5168595,77.5,1.73,3.177940349930141e-4,11.100260234097945,6.713372503118331,High
171613000000,32970.27789379687,5205082,78.4,1.77,9.720030533817368e-5,11.23455018336361,6.716427575703808,Low
197458000000,37825.80452485186,5220193,78.7,1.81,1.0710545533733756e-4,11.295474733846039,6.717686559953512,Low
204859000000,39110.07441565128,5238011,78.9,1.81,1.2763005286562954e-4,11.311455048418413,6.71916640612325,Low
256360000000,48551.641799637924,5280151,79.3,1.83,8.303778280542986e-5,11.40885026291203,6.7226463425203775,Low
285699000000,53857.54864162379,5304716,79.6,1.85,7.638281898081547e-5,11.45590872027339,6.724662137919841,Low
257443000000,47627.117170333964,5405387,80.4,1.81,9.239202852670299e-5,11.410681087646248,6.732826792821758,Low
238778000000,43516.699249486475,5487043,81.3,1.57,0.0014755711539589074,11.37799431023479,6.739338363620455,High
267015000000,48416.884031757516,5514915,81.8,1.35,5.534971705709417e-4,11.426535659245648,6.741538823156002,High
294223000000,53159.711124308655,5534699,81.8,1.47,1.380548767431506e-4,11.468676619386251,6.743094007112915,High
294951000000,53174.37023875112,5546864,81.5,1.28,9.02474546619608e-5,11.46974987293692,6.744047517821578,Low
299836000000,54034.785717787025,5548944,81.8,1.28,4.587409250390213e-4,11.476883775485982,6.744210341931898,High
1360960000000,22206.43921470241,61286728,78.7,1.8800000000000001,5.536389291382553e-4,12.133845361033929,7.787366435685984,High
1370380000000,22233.258614065446,61636489,79.2,1.8900000000000001,0.0010150860170171777,12.136841011696347,7.789837892029608,High
1492430000000,24073.920354606686,61993642,79.4,1.8800000000000001,5.938985727973841e-4,12.173893970403304,7.792347151015896,High
1835100000000,29436.185642670884,62341637,79.5,1.8900000000000001,4.428903116996349e-4,12.263659735217464,7.794778202027004,High
2109790000000,33644.61420098726,62708105,80.2,1.92,5.601562108077107e-4,12.32423922952519,7.797323676864041,High
2192150000000,34746.62039722592,63089589,80.2,1.95,5.377612631434893e-4,12.34087026785223,7.7999576981840235,High
2317860000000,36509.2129349527,63486989,80.7,2.02,5.724210772005212e-4,12.365087200797705,7.802684730260779,High
2655820000000,41573.04271306032,63883224,80.9,2.01,6.607183653259634e-4,12.424198637090635,7.805386825595405,High
2926800000000,45552.70971308501,64250843,81,2.04,4.924143248599153e-4,12.466393046361356,7.807878830179931,High
2700080000000,41789.95757640162,64610738,81.1,2.05,2.7077416928387305e-4,12.431376631953004,7.810304701688631,High
2646230000000,40728.88078636908,64971832,81.5,2.08,5.126167094319088e-4,12.422627588676042,7.812725112667687,High
2870410000000,43948.46019854885,65313096,81.8,2.07,6.016737006211656e-4,12.45794393437168,7.815000270866061,High
2683010000000,40878.23490298365,65634194,81.7,2.07,3.749149827991696e-4,12.428622291358755,7.817130156395602,High
2816080000000,42685.44190697615,65972844,82,2.05,4.556611573534843e-4,12.449644988206241,7.819365206331229,High
2861240000000,43160.42874546944,66293132,82.5,2.06,7.400097303966113e-4,12.456554287831167,7.821468537620418,High
2442480000000,36695.23259296496,66561235,82.2,2.02,4.7265958083587175e-4,12.38783101622901,7.823221371406304,High
2470410000000,36976.76587552863,66809791,82.5,1.98,5.167025441121109e-4,12.392769036644644,7.824840113159348,High
2588870000000,38585.44009261925,67094479,82.5,1.95,3.506986183160993e-4,12.413110242902949,7.826686784871179,High
2781580000000,41288.08040498828,67370049,82.7,1.93,1.700005471710323e-4,12.444291555040436,7.828466863226537,High
2722790000000,40277.56950809336,67600653,82.9,1.91,1.604674491973307e-4,12.435014146900684,7.829950891103278,High
2647930000000,39059.7174701137,67791837,82.2,1.91,6.476697193656932e-5,12.422906500021604,7.831177402432144,Low
2966430000000,43659.21127630197,67945112,82.3,1.91,1.5585636168728066e-4,12.472234104578945,7.832158218864181,High
2796300000000,41065.96513080574,68092884,82.4,1.9,8.896703465293424e-5,12.4465837626943,7.833101728638046,Low
3051830000000,44724.790120675585,68235759,82.5,1.9,2.586742089172726e-4,12.484560337894177,7.83401202665692,High
3162080000000,46246.41922903788,68374591,82.6,1.9,1.6055943081768963e-4,12.499972853299873,7.834894741506396,High
1665530000000,28162.510534964942,59139969,77.8,1.6700000000000002,0.0010469476148733435,12.22155245973336,7.771881092541596,High
1649830000000,27786.738286813514,59374727,78.1,1.6500000000000001,0.0016961735445470139,12.217439196416603,7.77360162578802,High
1785730000000,29961.148641846718,59601520,78.1,1.6600000000000001,0.0014603268836834236,12.251815794768424,7.775257335565654,High
2054420000000,34341.28641300163,59823618,78.2,1.74,0.0011103914671780843,12.312689234312902,7.776872674658537,High
2421530000000,40273.61972381371,60126952,78.8,1.79,0.0012551492490285067,12.384089853830112,7.779069188825842,High
2543180000000,42044.827028780535,60487346,79,1.81,0.0018886244029128886,12.405377099554487,7.781664529409959,High
2708440000000,44512.441803027694,60846808,79.3,1.8800000000000001,0.0014540798263945297,12.432719219115564,7.784237800243206,High
3090510000000,50457.915736451345,61249260,79.5,1.94,0.0015351102976531382,12.490030153181943,7.78710084601848,High
2929410000000,47511.37056066437,61657030,79.7,1.99,0.001798554923687705,12.466780159758184,7.789982601063913,High
2412840000000,38885.54220411068,62049797,80.2,1.98,0.0020068722037101506,12.382528523972207,7.792740365014055,High
2485480000000,39766.09571874657,62502490,80.5,2.01,0.0017185986320549752,12.39541027283628,7.795897319291582,High
2663810000000,42286.59549164166,62994194,80.9,2,0.001743264526373878,12.42550324493735,7.79930052358122,High
2707090000000,42666.211323368414,63448099,81,2,0.001768314906781821,12.432502694578645,7.802418614513025,High
2784850000000,43599.981857673134,63872733,81,1.8900000000000001,0.0014188251880711707,12.444801807794603,7.805315499239642,High
3064710000000,47628.269277143794,64346449,81.3,1.87,0.001124906356882054,12.486389385425921,7.808524585082557,High
2927910000000,45136.182499581424,64868357,81,1.85,0.0012252182013791407,12.466557722965556,7.81203289816346,High
2689110000000,41152.94920057583,65344284,81.2,1.82,0.0015921000981737451,12.42960856771825,7.815207603610048,High
2680150000000,40742.24630656864,65783069,81.3,1.76,0.001051260979795907,12.428159100875538,7.818114130908167,High
2871340000000,43376.074176600625,66196401,81.3,1.6800000000000002,0.001181453253184924,12.458084621051423,7.820834378135632,High
2851410000000,42811.542476268645,66603767,81.6,1.62,9.118851326185992e-4,12.45505966835661,7.823498792849701,High
2696780000000,40236.72223452731,67022855,81.7,1.62,2.6894040670725827e-4,12.43084551868755,7.826222923713173,High
3143320000000,46623.567025634555,67419123,81.8,1.6300000000000001,4.135855165875571e-4,12.497388595831438,7.828783098841466,High
3114040000000,45935.620152408716,67791400,81.9,1.6300000000000001,3.7060429538477346e-4,12.493324186802335,7.8311746028723634,High
3369860000000,49456.0460135861,68138484,82.1,1.6300000000000001,0.0011559581599829072,12.52761185858931,7.833392466805109,High
3643830000000,53226.413949184665,68459055,82.2,1.6300000000000001,3.095037611524138e-4,12.561558107108826,7.835430899898002,High
196931000000,17887.217276132073,11009594,79,1.29,5.278894130431471e-5,11.294314086220549,7.041771303820912,Low
326829000000,29642.952927122446,11025521,79.9,1.52,6.25877201839494e-5,11.51432058513453,7.042399120777424,Low
193097000000,18039.735119136036,10703982,80.8,1.4,1.2491776153953713e-4,11.28577552653151,7.029545370107301,Low
218881000000,20778.781133735167,10533871,81.5,1.4,1.71175159104719e-4,11.34020806420253,7.022587995592451,Low
171669000000,25792.12033888883,6655870,80.8,0.89,0.0018894246078208646,11.234691877313205,6.823204830885731,High
169404000000,25227.81940286238,6714968,81.1,0.93,0.001299595446388515,11.22892366076103,6.827043947390954,High
166349000000,24606.755501014897,6760298,81.3,0.9400000000000001,0.0010664059116676386,11.221020194469721,6.829965840453928,High
161386000000,23744.09123230018,6796891,81.4,0.9,0.001877032927267545,11.207865857607489,6.832310305308741,High
169100000000,24693.36636296211,6847993,81.6,0.92,0.001374764169130692,11.228143607597742,6.835563307734674,High
193535000000,27825.999189669405,6955186,81.9,0.98,0.002978154442348929,11.28675951680882,6.842308748662142,High
211597000000,30212.061408456015,7003726,82,1.03,0.001328377335217418,11.325509506025332,6.84532914726068,High
219279000000,31163.481258693177,7036409,82.2,1.06,0.0020856248979610453,11.340997041979307,6.847351075424511,High
214048000000,30409.90174405719,7038760,82.3,1.07,0.0010093060248168636,11.330511174272539,6.847496157353751,High
228639000000,32526.9792015064,7029211,82.4,1.1300000000000001,0.0028997940290151725,11.359150311974224,6.846906579987605,High
248514000000,35349.46202145428,7030206,82.5,1.2,4.173880827639489e-4,11.395350859674913,6.846968050959014,High
262629000000,37251.79089556693,7050104,82.6,1.1600000000000001,0.0011924318030377453,11.41934268003447,6.848195523557778,High
275697000000,38928.58116132691,7082123,82.7,1.1700000000000002,0.003172275113621113,11.440432040351206,6.85016346517236,High
291460000000,40979.80339367776,7112284,82.8,1.1700000000000002,0.002053438166472243,11.464578960565792,6.852009090083965,High
309386000000,43328.72063712627,7140437,82.8,1.1800000000000002,0.006327057788652363,11.490500657584713,6.853724791731487,High
320860000000,44772.4851408402,7166455,82.9,1.1900000000000002,0.009227934345197282,11.506315579164506,6.855304378169496,High
341273000000,47462.97094697022,7190300,83,1.1900000000000002,0.006453589615937973,11.533101930192347,6.856747010776003,High
361731000000,50157.40615947274,7211916,83.1,1.2,0.005263226145948232,11.558385728977361,6.858050659682514,High
363075000000,50209.39075677026,7231217,83.2,1.2,0.005328562013358121,11.55999634603259,6.8592113943769855,High
344943000000,47590.120920956164,7248206,83.2,1.21,0.0011648126762972433,11.537747336143841,6.86023052785197,High
368954000000,50797.48222348337,7263234,83.4,1.22,0.004513266279807239,11.566972223092709,6.8611300360754415,High
358680000000,49292.333164939395,7276588,83.6,1.22,0.002069666075610572,11.554707161086906,6.861927785888618,High
381066000000,52285.574685651416,7288167,83.8,1.23,0.0018937985834474869,11.58100020127518,6.862618315439631,High
407107000000,55784.733552659076,7297821,84,1.24,6.182252921222185e-4,11.60970856991867,6.863193206840957,High
41836292157,9419.543944018093,4441435,75.3,1.32,7.743728788971895e-4,10.621553187161542,6.647523310630979,High
115604000000,11507.63862765606,10045849,73.2,1.37,0.0021662357011868103,11.062972861315249,7.00198664595576,High
158228000000,15779.258713505951,10027594,73.9,1.3900000000000001,0.0032946877922997195,11.199283338640118,7.001196741807008,High
131899000000,13189.599277136482,10000228,74.5,1.26,1.9426622643082964e-4,11.120241502929776,7.000009901801307,Low
141713000000,14210.833116647202,9972181,74.9,1.24,6.813813199918144e-4,11.151409691950336,6.998790152562165,High
128470000000,12918.928719431176,9944323,74.8,1.34,7.084823538569316e-4,11.108801724122026,6.9975752221138245,High
143335000000,14227.47966701732,10074518,75.6,1.49,6.977641539051871e-4,11.1563522507664,7.003224277150841,High
164937000000,16406.79158429881,10052971,76,1.49,0.0015831456374251988,11.217318091019555,7.002294429739044,High
177537000000,17896.12632132829,9920415,74.7,1.59,1.7564021584233147e-4,11.249288876947602,6.996529840343706,Low
222905000000,22616.758043151483,9855745,76,1.6,1.0471844059128329e-4,11.348119810283984,6.993689458362808,Low
1119100000000,4136.6537332320395,270532675,72.3,2.11,3.788610311857743e-5,12.04886889573993,8.432219726800042,Low
468396000000,446.2219285117748,1049692922,62.8,3.27,9.136181777811936e-6,11.670613177635712,9.02106226879759,Low
485440000000,454.6095257604904,1067817484,63.3,3.19,2.464431237640079e-4,11.686135559106637,9.028497027537583,Low
607701000000,550.704399292,1103497631,64.2,3.03,4.17449913691108e-5,11.783689950999488,9.04277140515084,Low
709153000000,632.5643028798016,1121076540,64.7,2.9499999999999997,3.485346603624323e-5,11.850739944473938,9.049635264481575,Low
940260000000,813.7204705269171,1155507369,65.5,2.8,1.2309391019505242e-4,11.973247960995499,9.062772719443716,Low
1216740000000,1037.9762463647958,1172223357,65.9,2.73,1.8131636668474778e-4,12.085197785601663,9.06901037061594,Low
1198900000000,1008.5975186167361,1188680299,66.3,2.66,1.4066822837601134e-4,12.078782960196964,9.075065064837446,Low
1341890000000,1113.7397477672496,1204850597,66.7,2.59,6.0405712092645444e-5,12.12771691646561,9.080933197183736,Low
1675620000000,1372.6503700584692,1220718718,67.2,2.51,1.3925601449015887e-4,12.224175535407134,9.086615603917412,Low
1823050000000,1474.5392614812915,1236352295,67.6,2.44,6.499239472312883e-4,12.26079858002432,9.092142239340184,Low
1827640000000,1459.964083321049,1251839015,68.1,2.4099999999999997,6.973046458821212e-4,12.261890654521101,9.097548482714297,Low
1856720000000,1465.191434881585,1267220075,68.6,2.3699999999999997,7.602239486837003e-5,12.268746415520333,9.102852044290136,Low
2039130000000,1589.9859397672706,1282483039,69.1,2.3299999999999996,2.5812812179704087e-4,12.309444914097378,9.108051630222516,Low
2103590000000,1621.153589540223,1297588343,69.5,2.3,3.325737215902338e-4,12.322961097606745,9.113136935361597,Low
2294800000000,1748.4375950450558,1312486077,70,2.2600000000000002,3.9435160101098136e-4,12.360744841210403,9.118094705057695,Low
2651470000000,1997.9015865884849,1327127431,70.6,2.21,4.6163269846537957e-4,12.423486717666853,9.122912625896113,Low
2702930000000,2014.9001528239592,1341470939,71.2,2.15,2.0640648629450262e-4,12.431834798563179,9.12758126875701,Low
2835610000000,2091.7792529474277,1355597153,71.5,2.13,2.484088383099227e-4,12.452646499256083,9.132130648069081,Low
2674850000000,1953.0995152996763,1369541070,70.5,2.13,9.841001626259416e-5,12.427299432712827,9.136575060472365,Low
3167270000000,2293.9231574135224,1380721926,66.8,2.13,9.81420560924708e-6,12.500685087215286,9.140106221544647,Low
3346110000000,2407.9014347458797,1389637446,67.2,2.1,1.689936376867467e-4,12.524540213855236,9.14290150835503,Low
3638490000000,2600.445317389333,1399179585,67.7,2.07,8.104605207105145e-5,12.560921185647251,9.145873459859322,Low
3912690000000,2776.6740694276714,1409128296,68.2,2.03,1.9125806797880742e-5,12.592475440381481,9.148950535840585,Low
100208000000,26217.389165809393,3822196,76.5,1.86,7.060382404598435e-5,11.000902394357233,6.582312953659842,Low
109347000000,28235.339685490744,3872700,77.1,1.93,0.0037724844211546728,11.038806872409612,6.58801385552188,High
128596000000,32695.621752265248,3933126,77.6,1.98,0.001352439757068649,11.109227459996097,6.5947378595112465,High
164671000000,41145.4286049818,4002170,78.1,1.97,2.1146753830364787e-4,11.216617122855764,6.602295532199709,High
194372000000,47510.21836827777,4091162,78.4,1.92,0.0029235817761817545,11.288633703381844,6.611846676837189,High
232181000000,53882.465809566755,4309027,79.2,1.9,2.1943169768413436e-4,11.365826677363055,6.6343792153495125,High
270079000000,61104.025871569305,4419987,79.6,1.98,2.5688948789058015e-4,11.431490816920954,6.645420992010502,High
275447000000,60970.505183047426,4517709,79.8,2.05,1.6166289340599098e-4,11.440038046665627,6.654918253196915,High
221986000000,48149.6359484428,4610336,80.6,2.02,1.4724577225590804e-4,11.346325585646719,6.663732577803613,High
227271000000,48855.6264228088,4651890,80.8,1.96,1.0465779179921767e-4,11.356544022863208,6.6676294367189595,Low
266787000000,56623.9928482195,4711554,81.4,1.87,1.166333591966625e-4,11.42616466345359,6.673164173012847,High
302391000000,63576.89995780336,4756303,81.6,1.83,3.2235714356578074e-4,11.480568861205814,6.677269513532108,High
305733000000,63575.515276231476,4808974,81.7,1.79,1.0052726398524203e-4,11.485342317837674,6.682052429041565,High
395461000000,80380.01647190629,4919892,82.2,1.73,2.4254909080794314e-4,11.597103660223212,6.69195556936922,High
407125000000,81707.88905348096,4982689,82.5,1.6900000000000002,4.5816658274485726e-5,11.60972777157293,6.697463781050463,Low
436556000000,86786.76493683967,5030214,82.8,1.6500000000000001,7.602560267182217e-5,11.640039961514768,6.701586461605062,High
531307000000,104790.84905701313,5070166,82.6,1.72,3.554997957866168e-5,11.725345537801976,6.705022178604303,Low
551395000000,106431.2752508753,5180761,82.2,1.72,4.799798855629812e-4,11.74146282364452,6.7143935577811735,High
577389000000,110326.41687785578,5233461,82,1.72,1.1435085012010967e-4,11.761468505757367,6.7187889921327395,High
109592000000,1648.440964155058,66482211,68.1,2.17,2.4861258121030732e-5,11.039778852664202,7.8227054543550585,Low
126879000000,1886.6626649117948,67250496,68.4,2.11,7.026183213928231e-5,11.103389747084236,7.827695491786247,Low
629082000000,8294.070511267542,75847197,73.1,1.75,3.6443700503273026e-5,11.798707258841798,7.879939535684039,Low
9025660362,32115.444751243605,281038,79.7,2.09,0.0044353407279253436,9.955478986874743,5.44876504614899,High
21652505597,69512.23658071476,311492,81.3,2.1,0.006351003554020696,10.335508159534095,5.493446897221608,High
14751508134,46022.095004851326,320531,82.8,2.04,0.006525584443676652,10.168836423079746,5.505870038466,High
17517210519,52775.55825065754,331919,83,2.02,0.011613012458767493,10.243464949283084,5.521032113387752,High
24728285177,72782.69687568984,339755,83.1,2,0.010423004027781478,10.393194000551015,5.531165856740606,High
26260850582,76443.23584274045,343534,83.1,1.99,0.002282675948093173,10.4193087886646,5.535969726203881,High
28696453180,80246.67908266989,357603,83.6,1.95,0.0027183766408584433,10.457828222185448,5.5534011535186805,High
1149660000000,19895.69117227217,57784371,79.6,1.24,1.3391357270845294e-4,12.060569421261292,7.761810390214681,Low
1172040000000,20231.637088717758,57931051,80.1,1.22,1.6423439131770247e-4,12.068942433766402,7.762911407652518,Low
1281750000000,22069.95194165729,58076701,80.4,1.24,4.479923549834211e-4,12.107803326112437,7.764001938646104,High
1582930000000,27134.693110705874,58336020,80,1.26,2.3091202959069573e-4,12.199461710007077,7.765936795869015,High
1812810000000,30874.20752649691,58716001,81,1.31,3.345662882486306e-4,12.25835228822367,7.7687564692040905,High
1864980000000,31589.58800756268,59037807,80.9,1.3,8.35947243402074e-5,12.270674178806255,7.771130216946972,Low
1958560000000,33043.1055997803,59272879,81.3,1.33,1.0233605301854423e-4,12.291936880591454,7.772856022286215,Low
2222520000000,37273.893940064016,59626719,81.4,1.35,9.972273275381099e-5,12.346845677786483,7.775440912659541,Low
2417510000000,40230.612398915284,60091305,81.4,1.3800000000000001,1.4962401065559192e-4,12.383368279212469,7.778811635668169,High
2209480000000,36543.53481708319,60461584,81.5,1.3800000000000001,3.0744054166591234e-4,12.344290074724313,7.781479520834653,High
2144940000000,35286.46211407026,60786485,81.8,1.37,1.945715013007357e-4,12.331415148253441,7.783807030878444,High
2306970000000,37762.22684210327,61092001,81.9,1.35,4.568018353077847e-5,12.363041946961852,7.785984350193823,Low
2097930000000,34222.207903587376,61303175,81.8,1.34,1.1660493677100762e-4,12.3217909933328,7.787482967981253,Low
2153230000000,35049.62891242217,61433746,82.3,1.31,4.3881021535089144e-5,12.333090422018484,7.78840699777973,Low
2173260000000,35335.173122284614,61504156,82.6,1.3,3.220434278457249e-5,12.337111686656735,7.788904463204417,Low
1845430000000,30000.85072016722,61512589,82,1.28,1.2536575811599465e-4,12.266097576386025,7.788964006405168,Low
1887110000000,30685.103626188964,61499222,82.7,1.27,5.6771269295377585e-5,12.275797216010533,7.788869621738927,Low
1970720000000,32044.801322378145,61498899,82.4,1.25,1.6965541375740846e-4,12.294624924079969,7.78886734077534,Low
2099440000000,34143.56593396389,61488598,82.8,1.21,1.0686257287657661e-5,12.322103467427752,7.788794590819813,Low
2019610000000,32866.41160335463,61449057,83.1,1.1700000000000002,2.1162652195225812e-5,12.305267512416629,7.788515222570905,Low
1907480000000,31097.97039393268,61337765,81.6,1.1900000000000002,4.802955994296139e-5,12.28045999305671,7.78772794729285,Low
2104070000000,34439.00522314628,61095551,82.6,1.22,7.386304352992059e-5,12.323060184202248,7.786009585913599,Low
2304610000000,37766.960706127335,61021855,82.8,1.24,1.8648772330242427e-4,12.362597442012673,7.785485405601027,High
2372770000000,38920.244164632946,60964931,83,1.26,5.590967350396372e-5,12.375255642738242,7.785080086603898,Low
4968360000000,39191.33467912578,126771901,81,1.37,4.5855112350956853e-05,12.69621305664297,8.103023002812499,Low
4374710000000,34420.23457949556,127097042,81.3,1.34,2.0744984284672583e-4,12.640949268884246,8.104135443095107,High
4182850000000,32846.04147071772,127347157,81.5,1.33,5.726867948886525e-5,12.621472290748374,8.104989253869762,Low
4519560000000,35440.94351157161,127523693,81.8,1.3,1.754387568701378e-4,12.655096156299555,8.105590881108956,High
4893120000000,38326.80234946231,127668360,82,1.29,1.4492767600222354e-4,12.689585866628276,8.106083279565766,Low
4831470000000,37832.996746905876,127705189,82.2,1.26,1.0057918480296887e-4,12.684079287223213,8.106208544156775,Low
4601660000000,36023.41898777986,127740790,82.4,1.32,1.945161152714455e-4,12.662914527070836,8.106329597680583,High
4579750000000,35833.846066983155,127805148,82.6,1.34,9.349895867678366e-5,12.660841771326176,8.106548347585795,Low
5106680000000,39950.07890811024,127826531,82.8,1.37,1.7361721568612092e-4,12.708138644503594,8.106621003048252,High
5289490000000,41404.712254200786,127750918,82.9,1.37,2.720421556709626e-4,12.723413800416433,8.10636402959659,High
5759070000000,45117.534056449695,127645939,82.8,1.3900000000000001,1.372739991005492e-4,12.760352357298611,8.10600700247011,High
6233150000000,48890.76519908718,127491357,82.6,1.3900000000000001,1.4187690252921877e-4,12.794707578261875,8.105480743715558,High
6272360000000,49291.33509399861,127250763,83.1,1.41,2.3359624001173402e-4,12.797430976577958,8.104660395061419,High
5212330000000,41029.49101573221,127038622,83.3,1.43,1.3531053233390824e-4,12.717031903710179,8.103935774275072,Low
4896990000000,38606.06848587053,126845084,83.6,1.42,1.1964834786266665e-4,12.689929217159069,8.10327364039461,Low
4444930000000,35094.31316872349,126656703,83.8,1.45,1.3839341226970953e-4,12.6478649259692,8.10262817872096,Low
5003680000000,39566.901340651726,126461255,84,1.44,4.3515274457998915e-4,12.699289527504591,8.101957487431891,High
4930840000000,39066.90034359229,126215286,84.1,1.43,2.878767923923713e-4,12.692920910410983,8.10111195572769,High
5040880000000,40032.996042746185,125918130,84.2,1.42,2.6080791786354764e-4,12.70250635902154,8.100088265390532,High
5117990000000,40762.86504977157,125555208,84.3,1.36,3.446318654393619e-4,12.709099432987458,8.098834731853811,High
5054070000000,40388.70529756862,125135727,84.5,1.37,2.8047172081114826e-4,12.703641252701269,8.097381321074579,High
5039150000000,40414.30268279222,124687293,84.7,1.3800000000000001,1.6731900995207524e-4,12.70235728615944,8.095822196372096,High
4262460000000,34315.24397027001,124214766,84.8,1.3800000000000001,3.3873493405216703e-4,12.629660316490693,8.094173225559926,High
4213170000000,34054.28345751693,123719238,85,1.3900000000000001,5.252585817804646e-4,12.624608983117447,8.092437236473282,High
4026210000000,32679.760047619377,123201945,85.2,1.4,2.2548744352629397e-4,12.604896423176255,8.090617564127916,High
104850000000,6371.725944683574,16455510,65.7,2.3499999999999996,2.530043872198379e-4,11.020568434801362,7.216311346779493,Low
26556545153,1722.6448914663886,15416146,69.1,2.58,0.0010984527479736815,10.424171575267456,7.187975814691903,Low
627247000000,13086.319738969181,47931505,76.9,1.22,2.0778711894995115e-4,11.797438592845857,7.680621065606304,Low
702715000000,14594.275344795116,48150044,77.4,1.24,5.9367074845420974e-5,11.846779223990756,7.68259668832345,Low
793176000000,16407.13837196381,48343348,78,1.22,1.1227467169959757e-4,11.899369564805511,7.68433672401072,Low
934901000000,19283.324432500765,48482356,78.6,1.09,3.8132101687772286e-4,11.970765624316279,7.685583716210577,High
1053220000000,21645.609285305025,48657443,79.2,1.1300000000000001,3.345985587056835e-4,12.022519097497426,7.687149282560923,High
1172610000000,23956.63130795288,48947199,79.6,1.26,1.6896776507108074e-4,12.069153593521216,7.689727844379218,Low
1047340000000,21266.76744830203,49247729,80.1,1.2,3.3209867664750703e-4,12.02008769042159,7.69238620832584,High
943942000000,19071.68987656141,49494408,80.6,1.1700000000000002,3.216242957724097e-4,11.97494531013091,7.694556134046078,High
1143670000000,22987.386634609575,49752067,80.8,1.26,2.9625527905777015e-4,12.0583007291303,7.696811128660562,High
1253290000000,25039.273393766645,50052970,81.3,1.27,1.653651229962738e-4,12.098051574447712,7.699429852371629,Low
1278050000000,25399.800673024663,50317324,81.5,1.31,3.6219836391377486e-4,12.106547844666926,7.701717536194434,High
1370630000000,27110.590194085107,50556996,82,1.1900000000000002,4.5617701494932985e-4,12.136920233312305,7.703781261093516,High
1484490000000,29199.685038608066,50839247,82.5,1.2,4.491909585110038e-4,12.171577276395219,7.706199109423932,High
1466040000000,28686.78532522726,51105064,82.8,1.24,2.9533351954926196e-4,12.166145819924676,7.7084639365004675,High
1499680000000,29223.870715784702,51316953,83.2,1.1700000000000002,3.000061539795156e-4,12.17599859968219,7.710260861760341,High
1623070000000,31510.522099649486,51508826,83.5,1.05,5.645819176005964e-4,12.210337250545987,7.711881651462172,High
1725370000000,33376.00483513632,51694923,83.6,0.98,2.021144774743968e-4,12.236882242439703,7.713447892777613,High
1651420000000,31872.636372228433,51813097,84.2,0.92,4.206739091206356e-4,12.217857539940795,7.714439551943796,High
1644310000000,31694.19403983926,51880480,84.4,0.8400000000000001,1.6984440464389318e-4,12.215983697995787,7.715003985538237,Low
1818430000000,35059.792019659995,51866537,84.5,0.81,1.2740158378381352e-4,12.259696587656963,7.714887252196446,Low
1673920000000,32366.904947972256,51717024,83.3,0.7799999999999999,2.6923081389791626e-4,12.223734698347341,7.713633525922895,High
1712790000000,33200.62117778961,51589095,84.3,0.72,2.4644745532143464e-4,12.233704118696998,7.712557909343486,High
1712790000000,33238.08506760025,51530947,84.7,0.6799999999999999,2.107111981036788e-4,12.233704118696998,7.712068123697156,High
54901519156,8990.30370272361,6106748,77.1,2.4,0.0011733191356137563,10.739584361789616,6.785809998845133,High
79789877416,28130.78505283124,2836390,77.1,1.23,1.261356368243001e-4,10.901947797851681,6.452765945552988,Low
21230182989,48415.57902982675,438499,78.1,1.8,5.254412553005244e-4,10.32695373749009,5.641968607291621,High
21387533703,48188.46295774743,443831,78.3,1.73,0.0015211572522472064,10.330160706921589,5.647217632863886,High
23649833332,52733.18899128391,448481,78.5,1.7,0.001262651181545333,10.373828084471388,5.651744048784918,High
29667268248,65355.47498441413,453937,78.2,1.6900000000000002,0.0011133520863427222,10.472277558469225,5.656995583141465,High
35064843793,76161.69372936577,460400,79.9,1.73,6.108033769218052e-4,10.544871908542394,5.663135314957755,High
37672280120,80588.7955196454,467463,80,1.6900000000000002,0.002273253854749687,10.576021906732764,5.6697472418786,High
65712180343,110233.88122949225,596116,82.8,1.44,0.0020523834743579115,10.817645877405461,5.7753307786294386,High
73670782100,116434.67763093428,632722,83,1.3900000000000001,1.477529583604081e-4,10.86729528041429,5.801212935316575,High
86386759695,134298.37728237297,643245,83.5,1.42,3.0685410696720773e-4,10.936447184237723,5.808376419086272,High
80801680397,122955.87132053077,657160,83.9,1.34,8.883315253758633e-5,10.907420392699784,5.817671120940812,High
93197329012,136489.86769769265,682815,84.4,1.26,3.538568148852605e-4,10.969403465873595,5.834303053077837,High
11244337720,4871.561153282768,2308159,70.3,1.31,0.0013141512081869416,10.05093388102379,6.3632657223537885,High
47077192188,1612.8636697063835,29188575,67.2,2.79,6.347584384528588e-4,10.672810552437713,7.465212893044088,Low
66114145451,2210.9178870902765,29903483,68,2.74,0.0016341528921382414,10.820294388896723,7.475721775601501,Low
68852658069,2273.625351618189,30283203,68.4,2.71,0.0017318191387833493,10.837920710931597,7.481201807804877,Low
75883823301,2473.3127840882607,30681046,68.7,2.68,3.026165525280983e-4,10.880149204091913,7.486870161805115,Low
101155000000,3173.882712020417,31871058,69.8,2.59,2.8419826998171124e-4,11.004987354420138,7.503396480666553,Low
111573000000,3225.4725051401065,34591211,72.1,2.42,2.8679206438833767e-4,11.047559110643656,7.538965766449498,Low
127341000000,3603.3933885692736,35339189,72.6,2.38,0.004549441468183853,11.104968256025519,7.548256578649346,High
130952000000,3564.461422459967,36738229,73.7,2.29,2.1250339819170382e-4,11.117112135692377,7.565118216910846,Low
5367561570,175473.58756415706,30589,89.8,1.46,0.015480130952647834,9.729777034823776,4.485565279482858,High
742061000000,7437.311673332336,99775434,73.2,2.69,1.1491665779497912e-5,11.870439607266224,7.9990236255404525,Low
796065000000,7872.051244055838,101125485,73.3,2.65,1.2107867950481431e-4,11.900948530035174,8.004860617510994,Low
810666000000,7911.214320446934,102470489,73.5,2.62,1.0274911245815169e-4,11.90884195873082,8.010598808710624,Low
765550000000,7372.185794104687,103843015,73.6,2.58,2.8922394356998237e-5,11.883973560827824,8.016377289036939,Low
917572000000,8609.526298059167,106576363,73.9,2.51,1.8905580161556806e-5,11.962640152461837,8.027660895526006,Low
1020270000000,9454.264671484805,107916378,74,2.48,2.708770413714017e-4,12.0087151168533,8.033087360672273,Low
1161550000000,10476.057088995996,110876639,74.3,2.42,1.3089396237785718e-4,12.065037909148499,8.044840052712566,Low
1105420000000,9677.814284440576,114222072,74.5,2.36,2.2749530495196395e-5,12.04352731786387,8.057750034046268,Low
1229010000000,10599.899400959624,115945440,74.8,2.3099999999999996,3.1138500907234276e-5,12.08955541659447,8.0642536730104,Low
1255110000000,10670.244934961971,117627103,74.9,2.25,3.9953847869907816e-5,12.09868178980074,8.070507401052792,Low
1327440000000,11133.556480858124,119228748,75,2.2,9.561280886518412e-5,12.123014900180772,8.076380983528917,Low
1213290000000,9928.71584803131,122200093,74.7,2.1,9.129309975356262e-5,12.083964618135203,8.087071536425123,Low
1112230000000,9000.324316911046,123576658,74.8,2.04,4.259527795509921e-5,12.046194605053724,8.091936446002492,Low
1190720000000,9534.639418998124,124883590,74.8,1.99,5.2528748992206394e-5,12.07580964834144,8.096505374797955,Low
1256300000000,9961.200083013437,126119342,75,1.94,6.0365950011939825e-5,12.0990933597731,8.10078169624559,Low
1304110000000,10244.826859707964,127294489,75.6,1.8800000000000001,3.571617194868531e-5,12.115314225121502,8.104809602014237,Low
1121060000000,8751.951811100364,128092570,71,1.56,3.6410783544145716e-5,12.04962885699425,8.10752393925613,Low
1466460000000,11354.61846430872,129150971,72.3,1.6800000000000002,1.7876150048415912e-5,12.16627022141395,8.111097675692122,Low
1793800000000,13811.685802642622,129875529,73.5,1.73,1.2170209053406177e-5,12.253774019678879,8.11352732950701,Low
8734745632,21040.38047704159,415142,80.4,1.42,0.004517285753055802,9.94125026224084,5.618196673261723,High
16153779511,34274.64971865293,471304,82.3,1.33,0.002449584258164139,10.208274150737365,5.673301125672125,High
301256000000,9519.17360367564,31647285,75.5,1.95,1.7316127479618664e-4,11.478935705345389,7.500336458110263,Low
421739000000,2073.2811601073367,203416212,59.3,4.85,4.702585011108766e-4,11.62504376393075,8.308385562655372,Low
417649000000,26217.46568871592,15930182,78,1.72,1.67865896961324e-4,11.620811445887927,7.2022207375804275,Low
475530000000,29452.84707758239,16145468,78.3,1.72,3.544702542426345e-5,11.677177920691877,7.208050638196275,Low
582436000000,35916.01450611441,16216610,78.5,1.73,2.8639775013907107e-5,11.765248210601266,7.209960072306272,Low
661225000000,40649.89669771422,16266339,79.1,1.71,3.1622031532383077e-4,11.820349265281736,7.21128981900896,High
737594000000,45194.4978437466,16320438,79.7,1.71,3.659052310620748e-4,11.86781737526698,7.212731809958928,High
852465000000,51434.539545432744,16573785,80.7,1.8,2.2424053773468704e-5,11.930676557026525,7.2194217007488275,Low
913141000000,54838.23776518421,16651538,81.1,1.76,2.430574686713224e-5,11.960537843026033,7.221454352801212,Low
848234000000,49635.6763335908,17089200,81.6,1.6300000000000001,2.162318216435559e-4,11.92851567641943,7.232721732485647,High
932561000000,53592.71853336237,17400890,81.2,1.54,2.1989272551607886e-5,11.969677249163771,7.24057146162766,Low
1046540000000,59457.216415541254,17601564,81.5,1.61,2.699988724750129e-5,12.019755832242108,7.245551259086409,Low
1227540000000,69070.10418076861,17772378,81.9,1.61,6.911770695863271e-6,12.08903565272677,7.249745541659108,Low
171457000000,38166.005216364254,4492401,78.6,1.86,2.3348057530459532e-4,11.23415522056391,6.652478515246242,High
174239000000,38589.46544070291,4515196,78.8,1.8,8.363356653791632e-5,11.24114536989719,6.65467660733411,Low
229385000000,50234.281379426335,4566304,79.4,1.81,1.3674827473461647e-4,11.360565015002825,6.659564821111209,High
402643000000,85469.54299904924,4710953,80.4,1.92,5.286957925507211e-5,11.604920153229019,6.673108771412407,Low
464918000000,97465.10395910188,4770097,80.6,1.97,0.0011682368826330665,11.667376360873005,6.678527210515254,High
387976000000,80315.33585790262,4830659,80.8,2,2.6912540981916406e-4,11.58880486118714,6.6840063813811055,High
512777000000,102124.29251159157,5021107,81.4,1.87,4.4547409497695876e-5,11.709928537187247,6.700799476306517,Low
388160000000,74752.43167834578,5192607,82.3,1.74,7.907277669002473e-5,11.589010779186479,6.715385454466796,High
408743000000,76399.51828694674,5350073,83,1.54,1.869628470701639e-4,11.61145032814564,6.728359707868123,High
503368000000,93039.40082809221,5410267,83.2,1.56,2.5205231560210422e-5,11.70188560321641,6.733218698334916,Low
53872425917,14037.034506307913,3837878,78.6,2.04,0.016119291923810918,10.731366532602664,6.584091165092282,High
66627729311,17090.79936031085,3898456,78.8,1.96,0.013853319684535813,10.823655012660202,6.590892636911179,High
88250885550,22283.995895745782,3960281,79.1,2.01,0.01829531174602474,10.945719071992425,6.597726002193133,High
114720000000,28338.352818421114,4048224,80,2.07,0.005013982461645746,11.059639138323725,6.607264535272566,High
137189000000,33201.72585373031,4131984,80.2,2.3,5.504316672619525e-4,11.1373192904464,6.616158631161919,High
133437000000,31984.139881983923,4171974,80.2,2.3099999999999996,0.0020218095505744283,11.125276269369115,6.620341593212855,High
121663000000,28837.789419641354,4218874,80.7,2.24,0.0025028997312247767,11.085158521212735,6.6251965550282765,High
146888000000,34406.083511253164,4269245,81.3,2.27,0.0016819653613637602,11.166986317596553,6.6303510784616995,High
168485000000,39119.48479347136,4306933,80.9,2.18,0.002219746274149034,11.226561242256587,6.634168115794035,High
176561000000,40713.928622818115,4336624,81.2,2.18,0.005760069143242279,11.246894779902421,6.637151768977423,High
191012000000,43636.03799614885,4377391,81.7,2.08,0.005017312289280255,11.281060651907815,6.641215340663446,High
201518000000,45361.30371373474,4442509,81.4,1.99,0.004744091287130678,11.304313844281273,6.6476283163077,High
211986000000,44349.21286454793,4779927,81.9,1.8800000000000001,3.9470848546602135e-4,11.326307180157459,6.679421264030682,High
213006000000,43875.31275728387,4854803,82,1.8800000000000001,4.240961522210642e-4,11.328391836913813,6.686171611638715,High
255195000000,49943.225651906905,5109702,82.7,1.86,6.49236293814534e-4,11.406872161061342,6.708395572633844,High
260236000000,50421.49991542682,5161211,82.9,1.85,6.987503650532593e-5,11.415367374930735,6.712751614207043,Low
374890000000,1543.2408457061924,242923845,69.7,3.46,3.7188345914801676e-5,11.573903855991725,8.385470146520456,Low
226329000000,7048.492585082592,32110270,68.9,2.23,4.494520366369312e-5,11.354740204564797,7.506643957357755,Low
306446000000,3009.7599898940675,101817421,70.6,2.9,1.2662587535813814e-4,11.486353956935428,8.00782209231187,Low
461618000000,3902.8530831882426,118277063,70.8,2.75,4.9568285898730116e-5,11.664282735044255,8.072900531793124,Low
199694000000,5169.9408278999,38625974,74.6,1.22,6.012828477570683e-4,11.30036501626761,7.586879443824271,Low
527849000000,13663.586613765177,38631804,76.6,1.29,1.0790796989290498e-4,11.722509703128926,7.586944988987486,Low
528357000000,13721.797061790146,38504942,77.8,1.45,7.984689329373889e-5,11.722927465599163,7.585516473549773,Low
594617000000,15450.332887211014,38485708,77.7,1.44,5.064455775734632e-5,11.774237321452592,7.585299480441163,Low
605914000000,15789.188686894671,38375246,76.3,1.3900000000000001,4.484278792039794e-5,11.782410987242368,7.584051172487852,Low
689170000000,18048.225690787804,38184917,73.7,1.3,1.1865409115312622e-5,11.838326364077748,7.581891850942777,Low
695608000000,17974.56664247174,38699570,74.7,1.31,3.720885326218215e-5,11.842364568063102,7.587706139497859,Low
812451000000,20756.360381477138,39142267,75.8,1.31,7.736417703959993e-5,11.909797177563126,7.5926459750542,Low
914696000000,23607.30608927663,38746310,76.7,1.32,3.708968553486623e-5,11.961276779903097,7.588230348830846,Low
121604000000,11654.797406317823,10433815,76.6,1.41,7.653006480049998e-5,11.084947860704448,7.01844313206132,Low
165226000000,15689.796580371487,10530793,77.2,1.4,9.39929369469696e-5,11.21807838903796,7.022461076081671,Low
183335000000,77493.54343755415,2365810,79,1.91,2.2985787765565768e-4,11.26324538288829,6.3739798631723295,High
57806384143,2657.9982031985337,21748090,71.4,1.26,0.002992982722669584,10.761975804596444,7.3374211215718335,High
98454380120,4599.4458075545745,21405705,72.3,1.36,5.180634110725433e-4,10.993235042156522,7.330529535957653,Low
122024000000,5745.0689225594615,21239780,72.8,1.37,4.8777143840555954e-4,11.086445257252455,7.327150014044044,Low
214316000000,10259.908653895638,20888685,73.5,1.46,3.643904981429291e-4,11.331054594991068,7.319911100812314,Low
174111000000,8414.162503989346,20692612,73,1.51,2.3632252413690116e-4,11.240826209878902,7.315815314522104,Low
210147000000,10744.53122906921,19558508,75.6,1.83,1.3312314237176834e-4,11.322523194518732,7.291335722022078,Low
286578000000,15285.500232660399,18748356,73.4,1.6300000000000001,3.0488219612112584e-5,11.457242847452354,7.272963191454086,Low
350776000000,19140.551186279718,18326327,76.3,1.6300000000000001,4.521408534221269e-5,11.54502987139831,7.2630754314938955,Low
259710000000,1754.5581794697305,148020170,66,1.1800000000000002,2.502347618497555e-5,11.414488672236953,8.17032089865746,Low
345470000000,2358.221449274286,146495996,65.8,1.29,1.9022238110400324e-4,11.538410339987667,8.165825754800236,Low
591017000000,4076.928222417782,144966251,66.5,1.36,4.9175137432595e-4,11.771599973097853,8.161266907680107,Low
764016000000,5295.160112932033,144285722,65.8,1.31,5.846234241167724e-5,11.88310245365285,8.15922335698809,Low
989932000000,6888.785746398807,143701958,67,1.32,7.764475034648845e-5,11.995605363244977,8.157462685620672,Low
1299700000000,9062.986114810748,143407480,67.8,1.44,6.322016696160652e-5,12.113843118937487,8.156571804316462,Low
1660850000000,11585.222324695867,143359355,68.1,1.53,5.3491314688262034e-5,12.22033041082951,8.156426038352013,Low
1222650000000,8524.504280710918,143427695,68.9,1.57,6.798333619596777e-5,12.087302152193235,8.156633019005115,Low
1524920000000,10627.131200036796,143493100,69.1,1.6,2.9632840411300264e-5,12.18324706042386,8.156831018115502,Low
2045920000000,14253.908871085916,143533961,69.7,1.58,7.136271994994917e-5,12.31088864783273,8.156954669919504,Low
2208290000000,15373.194211479902,143645489,70.1,1.6900000000000002,6.799212920404476e-5,12.344056105800641,8.157291992088014,Low
2292470000000,15943.598717131703,143786233,70.6,1.71,4.173941382002818e-5,12.360303661061925,8.157717305947047,Low
2059240000000,14306.89839436323,143933363,70.7,1.75,6.580279520599833e-5,12.313706965657124,8.158161472792688,Low
1276790000000,8858.412295328348,144133052,71.6,1.76,6.498854549299415e-5,12.10611947256412,8.158763582862951,Low
1574200000000,10919.996072908032,144157561,72.4,1.62,4.9050113708550374e-5,12.197059908060208,8.158837425874152,Low
1657330000000,11503.924493529681,144066488,72.6,1.58,4.5532294111613255e-5,12.219408991768612,8.15856296922972,Low
1693120000000,11767.80590971384,143877288,73.1,1.5,7.07815524003024e-5,12.228687739851964,8.157992243034885,Low
1493080000000,10405.612094757362,143487955,71.3,1.51,2.3895698823907627e-5,12.174083078071808,8.156815446041524,Low
1829190000000,12805.215326977277,142847266,71.6,1.51,2.424476407590245e-5,12.262258818470348,8.154871932695828,Low
2291610000000,16117.26158286502,142183583,71.8,1.51,1.1491657830084526e-5,12.360140708731766,8.152849454170754,Low
2071510000000,14639.100496031671,141505279,72,1.51,5.177106024108018e-5,12.316287034151008,8.150772641964936,Low
2173840000000,15436.922994548888,140820810,72.3,1.52,4.097971285835204e-5,12.337227575778678,8.148666838047275,Low
1218580000000,33906.13738983455,35939806,76.9,1.8900000000000001,1.1134640319059889e-5,12.08585404596889,7.5555757284948,Low
30696331296,1669.6708721292644,18384660,70.3,4.17,2.80109108710344e-4,10.487086473421439,7.2644556025764215,Low
115034000000,24613.926979867265,4673533,81.1,1.26,0.0017696320826885964,11.06082622148416,6.669645313606952,High
193617000000,38363.9679839583,5046845,82.4,1.28,1.940929205596616e-4,11.286943486660705,6.7030199667748205,High
295093000000,55488.65586401704,5318078,83.8,1.29,1.1119683286286018e-4,11.46995890757712,6.7257547028190094,High
377124000000,66208.02110656741,5696047,85.5,1.1400000000000001,3.7907469161336854e-4,11.576484171588593,6.755573564153456,High
376162000000,65378.57969544965,5753597,85.8,1.1400000000000001,5.6663926712427095e-5,11.575374920869164,6.759939439270407,Low
547387000000,90800.48483368635,6028459,86.7,1.1700000000000002,1.0707944288044839e-4,11.738294479052719,6.780206311588546,High
45103269969,6300.1937789328695,7159029,74.4,1.43,6.58474319498624e-4,10.654208029195301,6.854854121673941,Low
53864693665,7803.3469566121885,6902768,75.3,1.49,0.0022866383640093428,10.731304194303755,6.839023277123931,High
81342660752,12152.712309111621,6693375,75.1,1.46,1.2372778203905194e-4,10.910318374252634,6.82564515727131,Low
46616149117,8626.300642899387,5403956,73.7,1.21,3.3167272056716424e-4,10.668536394317263,6.732711804259135,Low
86587749518,16001.526739081663,5411218,74.5,1.29,2.922242250301235e-4,10.937456452143488,6.733295030567203,Low
141776000000,25482.556502036703,5563649,77.2,1.6,3.3973626001579957e-4,11.151602719212843,6.74535972337401,High
262905000000,29459.27514753449,8924354,79.8,1.55,2.3986594016850194e-4,11.419798845717471,6.950576788998327,High
242499000000,27099.974509155974,8948311,79.9,1.57,6.0091913781087755e-5,11.38470995202951,6.951741069662045,Low
334074000000,37074.5801956394,9010864,80.1,1.72,9.389537348012716e-5,11.52384267708705,6.9547664349793346,Low
391690000000,43125.50646513758,9082560,80.5,1.77,4.6767170466440295e-5,11.592942483980194,6.958208275522679,Low
490050000000,53258.25771975756,9201390,80.9,1.8800000000000001,4.343957963473115e-5,11.690240393531118,6.963853438620681,Low
514617000000,55495.48356526322,9273133,81.1,1.9,0.001013009403109497,11.711484128715067,6.967226488700456,High
434314000000,46438.889279164,9352377,81.3,1.93,4.96976289044332e-4,11.637803828958706,6.970922005181118,High
492753000000,52240.978560072464,9432308,81.5,1.97,5.4984123891686095e-5,11.692629277049866,6.974617973651545,Low
570541000000,60035.34096518316,9503419,81.7,1.8900000000000001,4.7606995816251593e-4,11.756286858980275,6.977879877468044,High
549742000000,57424.77349657979,9573255,81.7,1.8900000000000001,2.761273197245253e-4,11.740158918103523,6.981059627242634,High
584128000000,60546.16218856266,9647647,81.9,1.87,8.759650624520653e-5,11.76650802451403,6.98442140458497,Low
501698000000,50993.12479430387,9838542,82.2,1.83,6.117801745273052e-5,11.700442369732764,6.992930743932337,Low
536084000000,53107.395452777586,10094338,82.5,1.77,2.6693220651987374e-4,11.729232845435705,7.00407784260861,High
532169000000,51608.99592738438,10311555,83.1,1.7,8.995632590398914e-5,11.72604957235543,7.0133241625673675,Low
545148000000,52505.52892038066,10382678,82.5,1.6600000000000001,2.3379691386559245e-5,11.736514423116228,7.0163093853639165,Low
637187000000,61078.66626854169,10432235,82.6,1.6700000000000002,1.2986454368968606e-4,11.804266906667923,7.018377361560173,High
579896000000,55314.33860754754,10483647,82.7,1.6700000000000002,2.6203328527873965e-4,11.763350113087034,7.020512389179074,High
585490000000,55568.642539751476,10536338,82.8,1.6700000000000002,1.7867493894003315e-5,11.767519481847481,7.02268969410828,Low
610118000000,57613.55110820896,10589835,82.9,1.6700000000000002,2.8311739696255477e-5,11.785413837949866,7.024889193426865,Low
152281000000,2421.2857925756216,62892617,72.3,1.6400000000000001,1.328821455073187e-4,11.182645720079918,7.798599666361758,Low
189318000000,2958.897645504063,63982612,72.6,1.6300000000000001,1.4349180215299126e-4,11.277191907830861,7.806061965570404,Low
291383000000,4453.325395334779,65430431,73.2,1.6,2.7702011441985293e-4,11.464464210366163,7.815779781070259,Low
397558000000,5929.671174692175,67045539,74.4,1.56,4.974302793554651e-4,11.599400497124401,7.82636988655546,Low
420334000000,6235.126114175342,67413873,74.8,1.55,5.7513513063420995e-5,11.62359452066252,7.828749278543783,Low
407339000000,6011.448994610211,67760535,75.2,1.54,1.0322110330707347e-4,11.609955992884776,7.830976826287092,Low
401296000000,5895.570641393354,68067372,75.6,1.53,1.3560781069335353e-4,11.603464830836293,7.832938983336628,Low
413366000000,6048.061050000203,68346863,76,1.53,3.0416056231039805e-4,11.61633475235989,7.834718586013501,Low
456357000000,6651.737230456458,68607190,76.4,1.53,9.764377669237022e-5,11.65930471650319,7.8363696319414,Low
506754000000,7359.767259200591,68854623,76.7,1.53,1.4348008501166245e-4,11.704797185428335,7.837933104737996,Low
506195000000,7285.423310015527,69480520,77.4,1.54,4.286676478432225e-5,11.704317851049154,7.841863060095808,Low
38915353867,3810.6964161369947,10212137,73.7,2.03,6.502070644526975e-4,10.590120983950579,7.009116632409624,Low
314596000000,4579.396448252977,68698136,71.1,2.3899999999999997,8.240999885567522e-5,11.497753196389711,7.836944953422044,Low
408865000000,5875.927188658746,69583061,71.3,2.36,1.1207705721937559e-4,11.611579935309917,7.842503529702871,Low
506315000000,7185.766195208932,70460823,71.6,2.3299999999999996,3.6761697757324985e-5,11.704420793910108,7.847947711542799,Low
557076000000,7810.024870063543,71328326,71.9,2.3,4.2122566759293164e-5,11.745914448547243,7.853262031710383,Low
770449000000,10551.145183165558,73020415,72.5,2.23,6.588417143769413e-5,11.886743895810259,7.863444296864843,Low
649289000000,8793.034953278508,73841285,72.8,2.21,4.2661575970022595e-5,11.812438045288022,7.868299245758286,Low
776967000000,10408.538000071618,74647083,73.1,2.18,9.989291308382467e-5,11.89040257346983,7.873012841374432,Low
838785000000,11118.781811479193,75438570,73.3,2.15,1.2641732148285914e-4,11.923650655370468,7.877593447399006,Low
880556000000,11535.266050246231,76335994,73.6,2.13,4.678161877268453e-4,11.944756980652672,7.882729365079358,Low
938935000000,11983.098653815607,78354942,74.1,2.08,4.20454088941194e-5,11.97263552824224,7.894066393473952,Low
864314000000,10889.869071825115,79368631,74.4,2.05,2.9892687148420596e-5,11.93667154767959,7.8996488893862296,Low
858988000000,10629.978053305544,80808069,74.9,2.01,3.370507853427522e-5,11.933987096811236,7.907454728933108,Low
720338000000,8783.622991036666,82009212,75.7,1.96,7.058272644230903e-6,11.85753632572353,7.913862638921042,Low
907118000000,10922.854389259108,83047706,76.2,1.93,4.1383881700065484e-5,11.95766378476194,7.919327640576682,Low
1118250000000,13377.238988833615,83593483,76.5,1.91,1.628480116253074e-4,12.048538906844694,7.922172420890433,Low
1323250000000,15730.591745691021,84119531,76.7,1.9,1.2207115813338371e-5,12.121641902663306,7.92489684265575,Low
89238865119,1898.5925327133739,47002642,67.6,1.21,2.929907833894357e-4,10.950554038576279,7.672122270143653,Low
181222000000,5202.878737514535,34831102,69.8,1.22,9.918753793689507e-5,11.258210919050677,7.541967215053931,Low
29184900000000,86735.35413026702,336482168,79.9,1.6300000000000001,5.617235013654321e-4,13.465158209569339,8.526962053569195,High
35064105501,429.6175820907544,81617017,71.8,2.2800000000000002,7.892436896532483e-4,10.544862764354583,7.911780717806602,Low
346616000000,3406.708876128004,101745119,75,2.08,3.617865880397904e-5,11.539848606131303,8.00751358406717,Low
366475000000,3565.292667065397,102789598,75.3,2.06,4.7698994474384335e-5,11.564044353513655,8.011949167579749,Low
433858000000,4139.89904157069,104799174,75.8,2.04,2.6594141401103588e-5,11.637347609910039,8.020357859664351,Low
476388000000,4504.468769671794,105758975,76.1,2.03,8.620763747197662e-5,11.677960813265358,8.024317233045489,Low
255807000000,5367.468829508571,47658777,59,2.4499999999999997,1.3245236838710435e-4,11.407912424504552,7.678142893466453,Low
303859000000,6204.550613636077,48973571,57.5,2.44,9.842619438621202e-5,11.482672104242496,7.689961772571442,Low
316131000000,6273.125790289709,50394494,60.8,2.44,9.244801427256423e-4,11.49986708511138,7.702383088904993,High
329754000000,6440.927353373506,51196665,62.2,2.44,6.395341678948549e-4,11.518190072353024,7.709241671536958,Low
434401000000,8196.906448586184,52995725,65.8,2.4299999999999997,1.737244780744059e-4,11.637890816336734,7.724240837831137,Low
400886000000,7491.913534056599,53509160,66.6,2.4299999999999997,1.3762806134412278e-4,11.603020889802748,7.728428133365804,Low
405261000000,7149.039536511372,56687475,69.8,2.42,8.756625976839617e-5,11.607734811736385,7.753487112874037,Low
337975000000,5825.855604830771,58012938,68.2,2.42,1.4193336785265182e-5,11.528884576716717,7.763524860380157,Low
406920000000,6879.346188236643,59150970,70.1,2.34,2.3258129362036765e-5,11.609509035825711,7.771961870894521,Low
